date,7_0.10,7_0.15,7_0.20,7_0.25,8_0.10,8_0.15,8_0.20,8_0.25,9_0.10,9_0.15,9_0.20,9_0.25,10_0.10,10_0.15,10_0.20,10_0.25
2017-08-14,,,,,,,,,,,,,,,,
2017-08-21,,,,,,,,,,,,,,,,
2017-08-28,,,,,,,,,,,,,,,,
2017-09-04,,,,,,,,,,,,,,,,
2017-09-11,,,,,,,,,,,,,,,,
2017-09-18,,,,,,,,,,,,,,,,
2017-09-25,,,,,,,,,,,,,,,,
2017-10-02,,,,,,,,,,,,,,,,
2017-10-09,,,,,,,,,,,,,,,,
2017-10-16,,,,,,,,,,,,,,,,
2017-10-23,,,,,,,,,,,,,,,,
2017-10-30,,,,,,,,,,,,,,,,
2017-11-06,,,,,,,,,,,,,,,,
2017-11-13,,,,,,,,,,,,,,,,
2017-11-20,0,0,0,0,,,,,,,,,,,,
2017-11-27,0,0,0,0,,,,,,,,,,,,
2017-12-04,0,0,0,0,0,0,0,0,,,,,,,,
2017-12-11,0,0,0,0,0,0,0,0,,,,,,,,
2017-12-18,32,32,32,32,0,0,32,32,0,0,0,0,,,,
2017-12-25,0,0,0,0,0,32,32,32,0,0,0,0,,,,
2018-01-01,0,0,0,0,0,0,0,0,0,0,0,0,0,0,0,0
2018-01-08,32,32,32,32,32,32,32,32,0,0,32,32,0,0,0,32
2018-01-15,34,34,34,34,34,34,34,34,34,34,34,34,34,34,34,34
2018-01-22,32,32,32,32,32,32,32,32,32,32,32,32,32,32,32,32
2018-01-29,40,40,40,40,32,32,32,32,32,32,32,32,32,32,32,32
2018-02-05,32,32,32,32,40,40,40,40,32,32,32,32,32,32,32,32
2018-02-12,32,32,32,32,32,32,32,32,40,40,40,40,32,32,32,32
2018-02-19,96,96,96,96,32,32,32,32,32,32,32,32,32,32,32,32
2018-02-26,17,17,17,17,32,32,32,32,32,32,32,32,40,40,40,40
2018-03-05,16,16,16,16,32,32,32,32,32,32,32,32,32,32,32,32
2018-03-12,32,32,32,32,32,32,32,32,32,32,32,32,32,32,32,32
2018-03-19,16,16,16,16,32,32,32,32,32,0,0,0,32,32,32,32
2018-03-26,16,16,16,16,16,16,16,16,32,32,32,32,32,32,32,32
2018-04-02,32,32,32,32,16,16,16,16,16,16,16,16,32,32,32,32
2018-04-09,16,16,16,16,16,16,0,0,16,16,16,16,16,16,16,16
2018-04-16,32,32,32,32,16,16,16,16,16,16,16,16,16,16,16,16
2018-04-23,16,16,16,16,32,32,0,0,16,16,16,16,16,16,16,16
2018-04-30,16,16,16,16,16,16,16,16,0,0,0,0,16,16,16,16
2018-05-07,16,16,16,16,16,16,16,16,16,16,16,16,32,32,32,32
2018-05-14,16,16,16,16,16,16,16,16,16,16,16,16,16,16,16,16
2018-05-21,20,20,20,20,16,16,16,16,16,0,0,0,16,16,16,16
2018-05-28,40,40,40,40,16,16,16,16,16,16,16,16,16,16,16,16
2018-06-04,32,32,32,32,32,32,32,32,16,16,16,16,16,16,16,16
2018-06-11,32,32,32,32,32,32,32,32,32,32,32,32,16,16,16,16
2018-06-18,96,96,96,96,32,32,32,32,32,32,32,32,32,32,32,32
2018-06-25,0,0,0,0,96,96,96,96,32,32,32,32,32,32,32,32
2018-07-02,0,0,0,0,0,0,0,0,96,96,96,96,32,32,32,32
2018-07-09,0,0,0,0,0,0,0,0,0,0,0,0,96,96,96,96
2018-07-16,17,17,17,17,17,17,17,17,17,17,17,17,17,17,17,17
2018-07-23,16,16,16,16,16,16,16,16,16,16,16,16,16,16,16,16
2018-07-30,16,16,16,16,16,16,16,16,16,16,16,16,16,16,16,16
2018-08-06,16,16,16,16,16,16,16,16,16,16,16,16,32,0,0,0
2018-08-13,16,16,16,16,16,16,16,16,16,16,16,16,16,16,16,16
2018-08-20,16,16,16,16,16,16,16,16,16,16,16,16,16,16,16,16
2018-08-27,20,20,20,20,16,16,16,16,16,16,16,16,16,16,16,16
2018-09-03,40,40,40,40,32,32,32,32,32,32,32,32,16,16,16,16
2018-09-10,32,32,32,32,32,32,32,32,16,16,16,16,16,16,16,16
2018-09-17,16,16,16,16,32,32,32,32,32,32,32,32,16,16,16,16
2018-09-24,16,16,16,16,16,16,16,16,32,32,32,32,32,32,32,32
2018-10-01,16,16,16,16,16,16,16,16,16,16,16,16,32,32,32,32
2018-10-08,32,32,32,32,16,16,16,16,16,16,16,16,32,32,32,0
2018-10-15,96,96,96,96,16,16,16,16,16,16,16,16,16,16,16,16
2018-10-22,16,16,16,16,96,96,96,96,16,16,16,16,16,16,16,16
2018-10-29,16,16,16,16,16,16,16,16,96,96,96,96,16,16,16,16
2018-11-05,0,0,0,0,16,16,16,16,16,16,16,16,96,96,96,96
2018-11-12,0,0,0,0,0,0,0,0,0,0,0,0,0,0,0,0
2018-11-19,0,0,0,0,0,0,0,0,0,0,0,0,0,0,0,0
2018-11-26,0,0,0,0,0,0,0,0,0,0,0,0,0,0,0,0
2018-12-03,0,0,0,0,0,0,0,0,0,0,0,0,0,0,0,0
2018-12-10,0,0,0,0,0,0,0,0,0,0,0,0,0,0,0,0
2018-12-17,0,0,0,0,0,0,0,0,0,0,0,0,0,0,0,0
2018-12-24,0,0,0,0,0,0,0,0,0,0,0,0,0,0,0,0
2018-12-31,0,0,0,0,0,0,0,0,0,0,0,0,0,0,0,0
2019-01-07,0,0,0,0,0,0,0,0,0,0,0,0,0,0,0,0
2019-01-14,0,0,0,0,0,0,0,0,0,0,0,0,0,0,0,0
2019-01-21,0,0,0,0,0,0,0,0,0,0,0,0,0,0,0,0
2019-01-28,0,0,0,0,0,0,0,0,0,0,0,0,0,0,0,0
2019-02-04,0,16,16,16,0,0,0,0,0,0,0,0,0,0,0,0
2019-02-11,0,16,16,16,0,0,0,0,0,0,0,0,0,0,0,0
2019-02-18,17,17,17,17,16,16,16,16,0,0,0,16,0,0,0,0
2019-02-25,16,16,16,16,17,17,17,17,17,16,16,16,16,16,16,16
2019-03-04,16,16,16,16,16,16,16,16,16,17,17,17,17,17,17,17
2019-03-11,20,20,20,20,16,16,16,16,16,16,16,16,16,16,16,16
2019-03-18,16,16,144,144,16,16,16,16,16,16,16,16,16,16,16,16
2019-03-25,16,16,0,0,20,20,20,20,16,16,16,16,16,16,16,16
2019-04-01,144,144,0,0,16,16,16,16,20,20,20,20,20,20,20,20
2019-04-08,0,0,0,0,144,144,144,144,16,16,16,16,16,16,16,16
2019-04-15,0,0,0,0,0,0,0,0,16,16,16,144,16,16,16,16
2019-04-22,0,0,0,0,0,0,0,0,144,144,144,0,16,16,16,16
2019-04-29,0,0,0,0,0,0,0,0,0,0,0,0,144,144,144,144
2019-05-06,0,0,0,0,0,0,0,0,0,0,0,0,0,0,0,0
2019-05-13,0,0,0,0,0,0,0,0,0,0,0,0,0,0,0,0
2019-05-20,0,0,0,0,0,0,0,0,0,0,0,0,0,0,0,0
2019-05-27,0,0,0,0,0,0,0,0,0,0,0,0,0,0,0,0
2019-06-03,0,0,0,32,0,0,0,0,0,0,0,0,0,0,0,0
2019-06-10,0,0,0,0,0,0,0,0,0,0,0,0,0,0,0,0
2019-06-17,0,0,0,0,0,0,0,0,0,0,0,0,0,0,0,0
2019-06-24,0,0,0,0,0,0,0,0,0,0,0,0,0,0,0,0
2019-07-01,0,0,0,32,0,0,0,0,0,0,0,0,0,0,0,0
2019-07-08,0,0,0,32,0,0,0,0,0,0,0,0,0,0,0,0
2019-07-15,0,0,0,32,0,0,0,0,0,0,0,0,0,0,0,0
2019-07-22,34,34,34,34,34,34,32,32,32,32,32,32,32,32,32,32
2019-07-29,32,32,32,32,16,16,0,0,32,32,32,32,32,32,32,32
2019-08-05,32,32,32,32,32,32,32,32,0,0,0,0,32,32,32,32
2019-08-12,32,32,32,32,32,32,32,32,32,32,32,32,32,32,32,32
2019-08-19,32,32,32,32,32,32,34,34,34,32,32,32,32,32,32,32
2019-08-26,32,32,32,32,32,32,32,32,32,34,34,34,34,34,34,34
2019-09-02,32,32,32,32,32,32,32,32,32,32,32,32,32,32,32,32
2019-09-09,16,16,16,16,32,32,32,32,32,32,32,32,32,32,32,32
2019-09-16,32,32,32,32,0,0,0,0,32,32,32,32,32,32,32,32
2019-09-23,40,40,104,104,40,40,40,40,32,32,32,32,32,32,32,32
2019-09-30,32,32,0,0,32,32,32,32,40,40,40,40,40,40,40,40
2019-10-07,32,32,0,0,32,32,32,32,32,32,32,32,32,32,32,32
2019-10-14,32,32,16,16,32,32,32,32,32,32,32,32,32,32,32,32
2019-10-21,16,16,17,17,16,16,16,16,16,16,16,16,16,16,16,16
2019-10-28,16,16,16,16,32,48,48,48,16,16,16,16,16,48,48,48
2019-11-04,16,16,16,16,32,32,32,32,32,32,32,32,16,16,16,16
2019-11-11,16,16,16,16,32,32,32,32,32,32,32,32,32,32,32,32
2019-11-18,32,32,32,32,16,16,16,16,32,32,32,32,32,32,32,32
2019-11-25,32,32,32,32,16,16,16,16,16,16,16,16,32,32,32,32
2019-12-02,16,16,16,16,16,16,16,16,16,16,16,16,16,16,16,16
2019-12-09,32,32,32,96,32,32,32,32,16,16,16,16,16,16,16,16
2019-12-16,96,96,96,0,32,96,96,96,16,16,16,16,16,16,16,16
2019-12-23,0,0,0,0,96,0,0,0,32,96,96,96,16,16,16,16
2019-12-30,0,0,0,0,0,0,0,0,96,0,0,0,96,96,96,96
2020-01-06,17,17,17,17,17,17,17,17,17,17,17,17,17,17,17,17
2020-01-13,16,16,16,16,16,16,16,16,16,16,16,16,16,16,16,16
2020-01-20,20,20,20,20,16,16,16,16,16,16,16,16,16,16,16,16
2020-01-27,16,16,16,16,20,20,20,20,20,20,20,20,16,16,16,16
2020-02-03,16,16,16,16,16,16,16,16,16,16,16,16,20,20,20,20
2020-02-10,16,16,16,16,16,16,16,16,16,16,16,16,16,16,16,16
2020-02-17,144,144,144,144,16,16,16,16,16,16,16,16,16,16,16,16
2020-02-24,34,34,34,34,32,32,32,32,32,32,32,32,32,32,48,48
2020-03-02,32,32,32,32,32,32,32,32,32,32,32,32,32,32,32,32
2020-03-09,40,40,40,40,32,32,32,32,32,32,32,32,32,32,32,32
2020-03-16,32,32,32,32,40,40,40,40,40,40,40,40,40,40,40,40
2020-03-23,32,32,32,32,32,32,32,32,32,32,32,32,32,32,32,32
2020-03-30,32,32,32,32,32,32,32,32,32,32,32,32,32,32,32,32
2020-04-06,96,96,96,96,32,32,32,32,32,32,32,32,32,32,32,32
2020-04-13,17,16,16,16,96,96,96,96,32,32,32,32,32,32,32,32
2020-04-20,16,17,17,17,17,17,17,17,32,32,32,32,32,32,32,32
2020-04-27,16,16,16,16,16,16,16,16,16,16,16,16,16,16,16,16
2020-05-04,20,20,20,20,16,16,16,16,16,16,16,16,16,16,16,16
2020-05-11,16,144,144,144,20,20,20,20,20,20,20,20,16,16,16,16
2020-05-18,144,0,0,0,16,16,144,144,16,16,16,16,20,20,20,20
2020-05-25,0,0,0,0,16,144,0,0,16,16,16,144,16,16,16,16
2020-06-01,0,0,0,0,144,0,0,0,16,144,144,0,16,16,16,16
2020-06-08,0,0,0,0,0,0,0,0,144,0,0,0,16,16,144,144
2020-06-15,0,0,0,0,0,0,0,0,0,0,0,0,144,144,0,0
2020-06-22,32,32,32,32,0,0,32,32,0,0,0,0,0,0,0,0
2020-06-29,34,32,32,32,32,32,32,32,0,0,32,32,0,0,0,0
2020-07-06,32,32,0,0,32,32,32,32,0,0,32,32,0,0,0,0
2020-07-13,32,32,32,32,32,32,32,32,0,0,32,32,0,0,0,0
2020-07-20,32,32,32,32,32,32,32,32,0,0,0,0,0,0,0,0
2020-07-27,16,0,0,0,0,0,0,0,0,0,0,0,0,0,0,0
2020-08-03,16,0,0,0,0,0,0,0,0,0,0,0,0,0,0,0
2020-08-10,16,0,0,0,0,0,0,0,0,0,0,0,0,0,0,0
2020-08-17,144,0,0,0,0,0,0,0,0,0,0,0,0,0,0,0
2020-08-24,0,0,0,0,0,0,0,0,0,0,0,0,0,0,0,0
2020-08-31,34,34,34,34,34,34,34,34,34,34,34,34,34,34,34,34
2020-09-07,32,32,32,32,32,32,32,32,32,32,32,32,32,32,32,32
2020-09-14,32,32,32,32,32,32,32,32,16,16,16,48,48,48,48,48
2020-09-21,32,32,32,32,32,32,32,32,32,32,32,32,32,32,48,48
2020-09-28,32,32,32,32,32,32,32,32,32,32,32,32,32,32,32,32
2020-10-05,40,40,40,40,32,32,32,32,32,32,32,32,32,32,32,32
2020-10-12,32,32,32,32,32,32,32,32,32,32,32,32,32,32,32,32
2020-10-19,20,20,20,20,16,16,16,16,16,16,16,16,16,16,16,16
2020-10-26,16,16,144,144,16,16,16,16,16,16,16,16,16,16,16,16
2020-11-02,16,16,0,0,16,144,144,144,16,16,16,16,16,16,16,16
2020-11-09,16,16,0,0,16,0,0,0,144,144,144,144,16,16,16,16
2020-11-16,144,144,0,0,16,0,0,0,0,0,0,0,144,144,144,144
2020-11-23,0,0,0,0,144,0,0,0,0,0,0,0,0,0,0,0
2020-11-30,0,0,0,0,0,0,0,0,0,0,0,0,0,0,0,0
2020-12-07,0,0,0,0,0,0,0,0,0,0,0,0,0,0,0,0
2020-12-14,0,0,0,0,0,0,0,0,0,0,0,0,0,0,0,0
2020-12-21,0,0,0,0,0,0,0,0,0,0,0,0,0,0,0,0
2020-12-28,0,0,0,0,0,0,0,0,0,0,0,0,0,0,0,0
2021-01-04,0,0,0,0,0,0,0,0,0,0,0,0,0,0,0,0
2021-01-11,0,0,0,0,0,0,0,0,0,0,0,0,0,0,0,0
2021-01-18,0,0,0,0,0,0,0,0,0,0,0,0,0,0,0,0
2021-01-25,0,0,0,0,0,0,0,0,0,0,0,0,0,0,0,0
2021-02-01,0,0,0,0,0,0,0,0,0,0,0,0,0,0,0,0
2021-02-08,0,0,0,0,0,0,0,0,0,0,0,0,0,0,0,0
2021-02-15,0,0,0,0,0,0,0,0,0,0,0,0,0,0,0,0
2021-02-22,0,0,0,0,0,0,0,0,0,0,0,0,0,0,0,0
2021-03-01,0,0,0,0,0,0,0,0,0,0,0,0,0,0,0,0
2021-03-08,0,0,0,0,0,0,0,0,0,0,0,0,0,0,0,0
2021-03-15,0,0,0,0,0,0,0,0,0,0,0,0,0,0,0,0
2021-03-22,0,0,0,0,0,0,0,0,0,0,0,0,0,0,0,0
2021-03-29,0,0,0,0,0,0,0,0,0,0,0,0,0,0,0,0
2021-04-05,0,0,0,0,0,0,0,0,0,0,0,0,0,0,0,0
2021-04-12,0,0,0,0,0,0,0,0,0,0,0,0,0,0,0,0
2021-04-19,34,34,34,34,34,34,34,34,34,34,34,34,34,34,34,34
2021-04-26,32,32,32,32,32,32,32,32,32,32,32,32,32,32,32,32
2021-05-03,32,32,32,32,32,32,32,32,32,32,32,32,32,32,32,32
2021-05-10,32,32,32,32,32,32,32,32,32,32,32,32,32,32,32,32
2021-05-17,40,40,40,40,40,40,40,40,32,32,32,32,32,32,32,32
2021-05-24,32,32,32,32,32,32,32,32,40,40,40,40,40,40,40,40
2021-05-31,32,32,32,32,32,32,32,32,32,32,32,32,32,32,32,32
2021-06-07,16,16,16,16,32,32,32,32,32,32,32,32,32,32,32,32
2021-06-14,32,32,32,32,32,32,32,48,32,32,32,32,32,32,32,32
2021-06-21,96,96,96,96,32,32,32,32,32,32,32,32,32,32,32,32
2021-06-28,0,0,0,0,96,96,96,96,32,32,32,32,32,32,32,32
2021-07-05,0,0,0,0,0,0,0,0,96,96,96,96,32,32,32,32
2021-07-12,0,0,0,0,0,0,0,0,0,0,0,0,96,96,96,96
2021-07-19,0,16,16,16,0,0,0,0,0,0,0,0,0,0,0,0
2021-07-26,17,17,17,17,17,17,17,17,17,17,17,17,17,17,17,17
2021-08-02,16,16,16,16,16,16,16,16,16,16,16,16,16,16,16,16
2021-08-09,20,20,20,20,16,16,16,16,16,16,16,16,16,16,16,16
2021-08-16,16,16,16,16,20,20,20,20,20,20,20,20,16,16,16,16
2021-08-23,16,16,16,16,16,16,16,16,16,16,16,16,20,20,20,20
2021-08-30,16,144,144,144,16,16,16,16,16,16,16,16,16,16,16,16
2021-09-06,144,32,32,32,16,16,16,16,16,16,16,16,16,16,16,16
2021-09-13,32,32,32,32,144,144,144,144,16,16,16,16,16,16,16,16
2021-09-20,34,34,34,34,34,34,34,34,32,32,32,32,16,16,16,16
2021-09-27,32,32,32,32,32,32,32,32,32,32,32,32,16,16,16,16
2021-10-04,0,0,0,0,0,0,0,0,16,16,16,16,16,16,16,16
2021-10-11,16,16,16,16,16,16,16,16,16,16,16,16,16,16,16,16
2021-10-18,16,16,16,16,16,16,16,16,16,16,16,16,16,16,16,16
2021-10-25,16,16,16,16,16,16,16,16,16,16,16,16,16,16,16,16
2021-11-01,16,16,16,16,16,16,16,16,16,16,16,16,16,16,16,16
2021-11-08,144,144,144,144,16,16,16,16,16,16,16,16,16,16,16,16
2021-11-15,34,34,34,32,144,144,144,144,32,32,32,32,16,16,48,48
2021-11-22,32,32,32,34,34,34,34,34,16,144,144,144,32,32,32,32
2021-11-29,32,32,32,32,32,32,32,32,32,34,34,34,32,32,32,32
2021-12-06,32,32,32,32,32,32,32,32,32,32,32,32,32,32,32,32
2021-12-13,40,40,40,40,40,40,40,40,32,32,32,32,32,32,32,32
2021-12-20,32,32,32,32,32,32,32,32,32,32,32,32,32,32,32,32
2021-12-27,96,96,96,96,32,32,32,32,40,40,40,40,32,32,32,32
2022-01-03,0,0,0,0,96,96,96,96,32,32,32,32,40,40,40,40
2022-01-10,0,0,0,0,0,0,0,0,96,96,96,96,32,32,32,32
2022-01-17,0,0,0,0,0,0,0,0,0,0,0,0,32,32,96,96
2022-01-24,0,0,0,0,0,0,0,0,0,0,0,0,96,96,0,0
2022-01-31,16,16,16,16,0,0,0,16,0,0,0,0,0,0,0,0
2022-02-07,16,16,16,16,0,0,0,16,0,0,0,0,0,0,0,0
2022-02-14,16,16,16,16,0,0,0,0,0,0,0,0,0,0,0,0
2022-02-21,16,16,16,16,0,0,0,0,0,0,0,0,0,0,0,0
2022-02-28,16,16,16,16,0,0,0,16,0,0,0,0,0,0,0,0
2022-03-07,16,16,16,16,0,0,0,16,0,0,0,0,0,0,0,0
2022-03-14,17,17,17,17,17,17,17,17,17,17,17,17,17,17,16,16
2022-03-21,16,16,16,16,16,16,16,16,16,16,16,16,16,16,17,17
2022-03-28,20,20,20,20,16,16,16,16,16,16,16,16,16,16,16,16
2022-04-04,16,16,16,16,16,16,16,16,16,16,16,16,16,16,16,16
2022-04-11,16,16,16,16,16,16,16,16,32,32,32,32,32,32,0,0
2022-04-18,32,32,32,48,20,20,20,20,16,16,16,16,32,0,0,0
2022-04-25,32,32,32,32,32,32,32,32,16,16,16,16,16,16,16,16
2022-05-02,40,40,40,40,40,40,40,40,32,32,32,32,32,32,32,32
2022-05-09,32,32,32,32,32,32,32,32,32,32,32,32,32,32,32,32
2022-05-16,96,96,96,96,32,32,32,32,32,32,32,32,32,32,32,32
2022-05-23,0,0,0,0,96,96,96,96,32,32,32,32,32,32,32,32
2022-05-30,0,0,0,0,0,0,0,0,96,96,96,96,32,32,32,32
2022-06-06,0,0,0,0,0,0,0,0,0,0,0,0,96,96,96,96
2022-06-13,0,0,0,0,0,0,0,0,0,0,0,0,0,0,0,0
2022-06-20,0,0,0,0,0,0,0,0,0,0,0,0,0,0,0,0
2022-06-27,0,0,0,0,0,0,0,0,0,0,0,0,0,0,0,0
2022-07-04,0,0,0,0,0,0,0,0,0,0,0,0,0,0,0,0
2022-07-11,0,0,0,0,0,0,0,0,0,0,0,0,0,0,0,0
2022-07-18,0,0,16,16,0,0,0,0,0,0,0,0,0,0,0,0
2022-07-25,17,17,16,16,16,16,16,16,0,0,16,16,0,0,0,0
2022-08-01,16,16,16,16,16,16,16,16,0,0,16,16,0,0,0,0
2022-08-08,16,16,17,17,17,17,17,17,17,17,17,17,16,16,16,16
2022-08-15,16,16,16,16,16,16,16,16,16,16,16,16,16,16,16,16
2022-08-22,16,16,0,0,16,16,16,16,16,16,16,16,16,16,16,16
2022-08-29,16,16,16,16,16,16,16,16,16,16,16,16,16,16,16,16
2022-09-05,16,16,16,16,16,16,16,16,16,16,16,16,16,16,16,16
2022-09-12,32,32,32,32,32,32,32,32,16,16,16,16,16,16,16,16
2022-09-19,32,32,32,32,32,32,32,32,32,32,32,32,16,16,16,16
2022-09-26,32,96,96,96,32,32,32,32,32,32,32,32,16,0,0,0
2022-10-03,16,16,16,16,96,96,96,96,32,32,32,32,0,0,0,0
2022-10-10,16,16,16,16,16,16,16,16,96,96,96,96,0,0,0,0
2022-10-17,16,16,16,16,16,16,16,16,0,0,16,16,0,0,0,0
2022-10-24,16,17,17,17,17,17,17,17,17,17,17,17,17,17,17,17
2022-10-31,16,16,16,16,16,16,16,16,16,16,16,16,16,16,16,16
2022-11-07,32,32,32,32,32,32,32,32,32,32,32,32,32,32,32,32
2022-11-14,32,32,32,32,32,32,32,32,32,32,32,32,32,32,32,32
2022-11-21,32,32,32,32,32,32,32,32,16,16,16,16,16,16,16,16
2022-11-28,32,48,48,48,32,48,48,48,16,16,16,16,16,16,16,16
2022-12-05,32,32,32,32,48,48,48,48,16,16,16,16,16,16,16,16
2022-12-12,32,32,32,32,32,32,32,32,48,48,48,48,16,16,16,16
2022-12-19,96,96,96,96,32,32,32,32,32,32,32,48,16,16,16,16
2022-12-26,0,0,0,0,96,96,96,96,32,32,32,32,32,32,32,32
2023-01-02,17,16,16,16,0,0,16,16,96,96,96,96,32,32,32,32
2023-01-09,20,21,21,21,17,17,17,17,17,17,17,17,16,16,16,16
2023-01-16,16,16,16,16,20,20,20,20,20,20,20,20,16,16,16,16
2023-01-23,16,16,16,16,16,16,16,16,16,16,16,16,20,20,20,20
2023-01-30,16,16,16,16,16,16,16,16,16,16,16,16,16,16,16,16
2023-02-06,16,16,16,16,16,16,16,16,16,16,16,16,16,16,16,16
2023-02-13,144,144,144,144,16,16,16,16,16,16,16,16,16,16,16,16
2023-02-20,0,0,0,0,16,16,144,144,16,16,16,16,16,16,16,16
2023-02-27,32,32,32,32,144,144,0,0,16,16,16,16,16,16,16,16
2023-03-06,34,34,34,34,34,34,32,32,144,144,144,176,16,16,16,144
2023-03-13,16,16,16,16,16,16,0,0,0,0,0,0,144,144,144,0
2023-03-20,16,16,16,16,32,32,32,32,0,0,0,0,0,0,0,0
2023-03-27,16,16,16,16,16,16,0,0,32,32,32,32,32,32,32,32
2023-04-03,32,32,32,32,16,16,0,0,0,0,0,0,32,32,32,32
2023-04-10,16,16,16,16,16,16,0,0,0,0,0,0,0,0,0,0
2023-04-17,16,48,48,48,32,32,32,32,32,32,32,32,32,32,32,32
2023-04-24,144,144,144,144,16,16,0,0,0,0,0,0,32,32,32,32
2023-05-01,32,32,32,32,144,144,0,0,0,0,0,0,32,32,32,32
2023-05-08,34,34,34,34,34,34,34,34,34,34,34,34,34,32,32,32
2023-05-15,32,32,32,32,32,32,32,32,32,32,32,32,32,34,34,34
2023-05-22,32,32,32,32,32,32,32,32,32,32,32,32,32,32,32,32
2023-05-29,32,32,32,32,32,32,32,32,32,32,32,32,32,32,32,32
2023-06-05,40,40,40,40,32,32,32,32,32,32,32,32,32,32,32,32
2023-06-12,32,32,32,32,40,40,40,40,32,32,32,32,32,32,32,32
2023-06-19,16,16,16,16,20,20,20,20,16,16,16,16,32,32,32,32
2023-06-26,20,20,20,20,16,16,16,16,16,16,16,16,16,16,16,16
2023-07-03,16,16,16,16,16,16,16,16,16,16,16,16,32,32,32,32
2023-07-10,16,16,16,16,16,16,16,16,16,16,16,16,16,16,16,16
2023-07-17,16,16,16,16,16,16,16,16,16,16,16,16,16,16,16,16
2023-07-24,16,16,16,16,16,16,16,16,32,32,32,32,16,16,16,16
2023-07-31,16,16,16,16,16,16,16,16,16,16,16,16,32,32,32,32
2023-08-07,32,32,32,32,16,144,144,144,16,16,16,16,16,16,16,16
2023-08-14,32,32,40,40,32,34,34,34,32,32,32,32,32,32,32,32
2023-08-21,40,40,32,32,40,40,40,40,32,32,32,32,32,32,32,32
2023-08-28,32,32,32,32,32,32,32,32,40,40,40,40,32,32,32,32
2023-09-04,96,96,96,96,32,32,32,32,32,32,32,32,40,40,40,40
2023-09-11,0,0,0,0,96,96,96,96,32,32,32,32,32,32,32,32
2023-09-18,0,0,0,0,0,0,0,0,96,96,96,96,32,32,32,32
2023-09-25,17,17,17,17,17,17,17,17,17,17,17,17,32,32,32,32
2023-10-02,16,16,16,16,16,16,16,16,16,16,16,16,16,16,16,16
2023-10-09,16,16,16,16,16,16,16,16,32,32,32,32,32,32,32,32
2023-10-16,20,20,20,20,16,16,16,16,16,16,16,16,16,16,16,16
2023-10-23,16,16,16,16,20,20,20,20,20,20,20,20,20,20,20,20
2023-10-30,16,16,16,16,16,16,16,16,16,16,16,16,16,16,16,16
2023-11-06,16,144,144,144,16,16,16,16,16,16,16,16,16,16,16,16
2023-11-13,16,0,0,0,16,144,144,144,16,16,16,16,16,16,16,16
2023-11-20,16,0,0,0,16,0,0,0,16,16,144,144,16,16,16,16
2023-11-27,144,0,0,0,16,0,0,0,16,16,0,0,16,16,144,144
2023-12-04,0,0,0,0,144,0,0,0,16,16,0,0,16,0,0,0
2023-12-11,0,0,0,0,0,0,0,0,144,144,0,0,16,0,0,0
2023-12-18,0,0,0,0,0,0,0,0,0,0,0,0,144,144,0,0
2023-12-25,0,0,0,0,0,0,0,0,0,0,0,0,0,0,0,0
2024-01-01,0,0,0,0,0,0,0,0,0,0,0,0,0,0,0,0
2024-01-08,0,0,0,32,0,0,0,0,0,0,0,0,0,0,0,0
2024-01-15,0,32,32,32,0,0,0,0,0,0,0,0,0,0,0,0
2024-01-22,0,32,32,32,0,0,0,0,0,0,0,0,0,0,0,0
2024-01-29,0,32,32,32,0,0,0,0,0,0,0,0,0,0,0,0
2024-02-05,0,0,0,0,0,0,0,0,0,0,0,0,0,0,0,0
2024-02-12,0,0,0,0,0,0,0,0,0,0,0,0,0,0,0,0
2024-02-19,0,0,0,0,0,0,0,0,0,0,0,0,0,0,0,0
2024-02-26,0,0,0,0,0,0,0,0,0,0,0,0,0,0,0,0
2024-03-04,0,0,0,0,0,0,0,0,0,0,0,0,0,0,0,0
2024-03-11,0,0,0,0,0,0,0,0,0,0,0,0,0,0,0,0
2024-03-18,0,0,0,0,0,0,0,0,0,0,0,0,0,0,0,0
2024-03-25,0,0,0,0,0,0,0,0,0,0,0,0,0,0,0,0
2024-04-01,0,0,0,0,0,0,0,0,0,0,0,0,0,0,0,0
2024-04-08,0,0,0,32,0,0,0,32,0,0,0,0,0,0,0,0
2024-04-15,32,32,32,32,0,0,0,32,0,0,0,32,0,0,0,0
2024-04-22,34,34,34,34,34,34,34,34,34,34,32,32,32,32,32,32
2024-04-29,32,32,32,32,32,32,32,32,32,32,32,32,32,32,32,32
2024-05-06,32,32,32,32,32,32,32,32,32,32,34,34,34,34,34,34
2024-05-13,32,32,32,32,32,32,32,32,32,32,32,32,32,32,32,32
2024-05-20,32,32,32,32,32,32,32,32,32,32,32,32,32,32,32,32
2024-05-27,16,16,16,16,32,32,32,32,32,32,32,32,32,32,32,32
2024-06-03,16,16,16,16,16,16,16,16,32,32,32,32,32,32,32,32
2024-06-10,16,16,16,16,32,32,32,32,32,32,32,32,32,32,32,32
2024-06-17,32,32,32,32,32,32,32,32,32,32,32,32,32,32,32,32
2024-06-24,32,32,0,0,32,32,32,32,32,32,32,32,32,32,32,32
2024-07-01,40,40,40,40,40,40,40,40,40,40,40,40,32,32,32,32
2024-07-08,32,32,32,32,32,32,32,32,32,32,32,48,40,40,40,40
2024-07-15,16,16,16,16,16,16,16,16,20,20,20,20,20,20,20,20
2024-07-22,16,16,16,16,16,16,16,16,40,40,56,56,16,16,16,16
2024-07-29,32,32,32,32,32,32,32,32,32,32,32,32,40,40,40,40
2024-08-05,32,32,32,32,32,32,32,32,32,32,32,32,32,32,32,32
2024-08-12,32,32,48,48,32,32,32,48,32,32,32,32,32,32,32,32
2024-08-19,16,16,16,16,16,16,16,16,16,16,16,16,16,16,16,16
2024-08-26,32,32,32,32,16,16,16,16,32,32,32,32,32,32,32,32
2024-09-02,32,32,32,32,32,32,32,32,16,16,16,16,32,32,32,32
2024-09-09,32,32,32,32,32,32,32,32,16,16,16,16,16,16,16,16
2024-09-16,16,16,16,16,32,32,32,0,32,32,32,32,16,16,16,16
2024-09-23,16,16,16,16,16,16,16,16,16,16,16,16,32,32,32,32
2024-09-30,20,20,20,20,16,16,16,16,16,16,16,16,32,32,32,32
2024-10-07,32,32,32,32,20,20,20,20,16,16,16,16,16,16,16,16
2024-10-14,16,16,16,16,16,16,16,16,20,20,20,20,20,20,20,20
2024-10-21,144,144,144,144,16,16,16,16,16,16,16,16,16,16,16,16
2024-10-28,0,0,0,0,144,144,144,144,16,16,16,16,16,16,16,16
2024-11-04,0,0,0,0,0,0,0,0,16,144,144,144,16,16,16,16
2024-11-11,0,0,0,0,0,0,0,0,144,0,0,0,16,16,144,144
2024-11-18,0,0,0,0,0,0,0,0,0,0,0,0,144,144,0,0
2024-11-25,0,0,0,0,0,0,0,0,0,0,0,0,0,0,0,0
2024-12-02,0,0,0,0,0,0,0,0,0,0,0,0,0,0,0,0
2024-12-09,0,0,0,0,0,0,0,0,0,0,0,0,0,0,0,0
2024-12-16,0,0,0,0,0,0,0,0,0,0,0,0,0,0,0,0
2024-12-23,32,32,32,32,0,0,0,32,0,0,0,0,0,0,0,0
2024-12-30,32,32,32,32,0,0,0,32,0,0,0,0,0,0,0,0
2025-01-06,32,32,32,32,0,0,0,32,0,0,0,0,0,0,0,0
2025-01-13,32,32,32,32,0,0,0,32,0,0,0,0,0,0,0,0
2025-01-20,32,32,32,32,0,0,0,32,0,0,0,0,0,0,0,0
2025-01-27,32,32,32,32,0,32,32,32,0,0,0,0,0,0,0,0
2025-02-03,34,34,34,34,34,34,32,32,32,32,32,32,0,0,32,32
2025-02-10,32,32,32,32,32,32,34,32,34,32,32,32,32,32,32,32
2025-02-17,32,32,32,32,32,32,32,32,32,32,32,32,32,32,32,32
2025-02-24,32,32,32,32,32,32,32,34,32,34,34,34,34,34,34,34
2025-03-03,40,40,40,40,40,40,40,40,32,32,32,32,32,32,32,32
2025-03-10,96,96,96,96,32,32,32,32,40,40,40,40,40,40,40,40
2025-03-17,0,0,0,0,32,96,96,96,32,32,32,32,32,32,32,32
2025-03-24,0,0,0,0,96,0,0,0,32,32,32,32,32,32,32,32
2025-03-31,0,0,0,0,0,0,0,0,96,96,96,96,32,32,32,32
2025-04-07,0,0,0,16,0,0,0,0,0,0,0,0,32,32,96,96
2025-04-14,17,16,16,16,16,16,16,16,16,16,16,16,96,96,0,0
2025-04-21,16,17,17,17,17,17,17,17,17,17,17,17,17,17,17,17
2025-04-28,16,16,16,16,16,16,16,16,16,16,16,16,16,16,16,16
2025-05-05,20,20,20,20,20,20,20,20,16,16,16,16,16,16,16,16
2025-05-12,16,16,16,16,16,16,16,16,20,20,20,20,20,20,20,20
2025-05-19,16,16,16,144,16,16,16,16,16,16,16,16,16,16,16,16
2025-05-26,144,144,144,0,16,16,16,16,16,16,16,16,16,16,16,16
2025-06-02,0,0,0,0,144,144,144,144,16,16,16,16,16,16,16,16
2025-06-09,0,0,0,0,0,0,0,0,144,144,144,144,16,16,16,16
2025-06-16,34,34,34,34,34,34,34,32,0,0,0,0,16,144,144,144
2025-06-23,32,32,32,32,32,32,0,0,32,32,32,32,144,0,0,0
2025-06-30,32,32,32,32,32,32,32,32,32,32,0,0,32,32,32,32
2025-07-07,16,16,0,0,0,0,0,0,32,0,0,0,0,0,0,0
2025-07-14,16,16,16,16,32,32,32,32,32,32,32,32,32,32,32,32
2025-07-21,16,16,16,16,16,16,16,0,32,32,32,32,32,32,32,32
2025-07-28,32,32,32,32,32,32,32,32,32,32,32,32,32,32,32,32
2025-08-04,144,144,144,144,16,16,16,0,0,0,0,0,0,0,0,0
2025-08-11,0,32,32,32,144,144,144,0,32,32,32,32,32,32,32,32
2025-08-18,34,34,34,34,34,34,34,34,2,0,0,0,32,32,32,32
2025-08-25,32,32,32,32,32,32,32,32,32,34,34,34,34,34,34,34
2025-09-01,32,32,32,32,32,32,32,32,32,32,32,32,32,32,32,32
2025-09-08,32,32,32,32,32,32,32,32,32,32,32,32,32,32,32,32
2025-09-15,16,16,0,0,32,32,32,32,32,32,32,32,32,32,32,32
2025-09-22,40,40,40,40,32,32,32,32,32,32,32,32,32,32,32,32
2025-09-29,20,20,20,20,16,16,16,16,16,16,16,16,32,32,32,32
2025-10-06,16,16,16,16,32,32,32,32,32,32,32,32,32,32,32,32
2025-10-13,32,32,32,32,40,40,40,40,40,40,40,40,32,32,32,32
2025-10-20,16,16,16,16,20,20,20,20,20,20,20,20,32,32,32,32
2025-10-27,40,40,40,40,32,32,32,32,16,16,16,16,40,40,40,32
2025-11-03,32,32,32,32,40,40,40,40,40,40,40,40,32,32,32,40
2025-11-10,32,32,32,32,32,32,32,32,32,32,32,32,32,32,32,32
2025-11-17,32,96,96,96,32,32,32,32,32,32,32,32,32,32,32,32
2025-11-24,32,0,0,0,32,96,96,96,32,32,32,32,32,32,32,32
2025-12-01,32,0,16,16,32,0,0,0,32,96,96,96,32,32,32,32
2025-12-08,96,0,0,0,32,0,0,0,32,0,0,0,32,32,96,96
2025-12-15,0,0,0,0,96,0,0,0,32,0,0,16,32,32,0,0
2025-12-22,0,0,0,0,0,0,0,0,96,0,0,0,32,32,0,0
2025-12-29,0,0,16,16,0,0,0,0,0,0,0,0,96,96,0,0
2026-01-05,0,0,16,16,0,0,0,0,0,0,0,0,0,0,0,0
2026-01-12,17,17,17,17,17,17,17,17,17,17,17,17,16,16,16,16
2026-01-19,16,16,16,16,16,16,16,16,16,16,16,16,16,16,16,16
2026-01-26,32,32,32,32,32,32,32,32,32,0,0,0,16,16,16,16
2026-02-02,32,32,32,32,32,32,32,32,32,32,32,32,0,0,0,0
2026-02-09,32,32,32,32,32,32,32,32,32,32,32,32,0,0,0,0
2026-02-16,32,32,32,32,32,32,32,32,32,32,32,32,0,0,0,0
2026-02-23,32,32,32,32,32,32,32,32,32,32,32,32,0,0,0,0
2026-03-02,96,96,96,96,32,32,32,32,32,32,32,32,0,0,0,0
2026-03-09,17,17,16,16,96,96,96,96,48,48,48,48,16,16,16,16
2026-03-16,16,16,16,16,16,16,16,16,96,96,96,96,0,0,0,0
2026-03-23,16,16,16,16,16,16,16,16,0,0,0,16,0,0,0,0
2026-03-30,16,16,16,16,16,16,16,16,0,16,16,16,0,0,0,16
2026-04-06,16,16,17,17,17,17,16,16,16,16,16,16,0,0,0,16
2026-04-13,16,16,16,16,16,16,17,17,17,17,17,17,17,17,17,17
2026-04-20,20,20,20,20,16,16,16,16,16,16,16,16,16,16,16,16
2026-04-27,16,16,16,16,20,20,20,20,16,16,16,16,16,16,16,16
2026-05-04,16,16,16,16,16,16,16,16,20,20,20,20,16,16,16,16
2026-05-11,16,16,16,144,16,16,16,16,16,16,16,16,20,20,20,20
2026-05-18,144,144,144,0,16,16,16,16,16,16,16,16,16,16,16,16
2026-05-25,34,34,34,34,32,32,32,32,16,16,16,16,16,16,16,16
2026-06-01,32,32,32,32,32,32,32,32,32,32,32,32,32,32,32,32
2026-06-08,40,40,40,40,32,32,32,32,32,32,32,32,32,32,32,32
2026-06-15,32,32,32,32,40,40,40,40,40,40,40,40,40,40,40,40
2026-06-22,32,32,32,96,32,32,32,32,32,32,32,32,32,32,32,32
2026-06-29,32,96,96,0,32,32,32,96,32,32,32,32,32,32,32,32
